﻿{"cameraMode":{"drawMode":0,"name":"Shaded","section":"Shading Mode"},"sceneLighting":true,"audioPlay":false,"sceneViewState":{"showFog":true,"showMaterialUpdate":false,"showSkybox":true,"showFlares":true,"showImageEffects":true,"showParticleSystems":true},"in2DMode":false,"pivot":{"x":-40.20000076293945,"y":0.009999997913837433,"z":-8.300000190734864},"rotation":{"x":-0.08717229217290878,"y":0.8995905518531799,"z":-0.21045254170894624,"w":-0.37262260913848879},"size":23.349103927612306,"orthographic":false}